"Betweenness unDir","Bridging unDir","Centroid unDir","Closeness unDir","Degree unDir","Eccentricity unDir","EigenVector unDir","name","Radiality unDir","selected","shared name","Stress unDir"
"0.0","0.0","-260.0","6.793478260869565E-4","1.0","0.09090909090909091","1.4930795026688798E-5","Ms4a6d","9.360153256704981","true","Ms4a6d","0.0"
"7.983333333333339","21.42194444444446","-252.0","8.849557522123894E-4","2.0","0.09090909090909091","0.0055776632172900315","Dgkz","10.670498084291188","false","Dgkz","48.0"
"0.0","0.0","-259.0","8.090614886731392E-4","2.0","0.09090909090909091","0.004523942307761453","Pde2a","10.264367816091953","false","Pde2a","0.0"
"0.0","0.0","-260.0","5.509641873278236E-4","1.0","0.07142857142857142","3.7004681486590306E-8","Mpp2","8.045977011494253","true","Mpp2","0.0"
"0.0","0.0","-257.0","8.55431993156544E-4","2.0","0.09090909090909091","5.58337699580471E-4","Ctdnep1","10.521072796934867","false","Ctdnep1","0.0"
"0.0","0.0","-260.0","7.163323782234957E-4","1.0","0.1","9.160081670234289E-7","Cmya5","9.651340996168582","true","Cmya5","0.0"
"0.0","0.0","-260.0","3.852080123266564E-4","1.0","0.07142857142857142","3.4126781078358505E-12","Batf3","5.053639846743295","true","Batf3","0.0"
"0.0","0.0","-260.0","6.285355122564425E-4","1.0","0.08333333333333333","2.3069428610604314E-7","Scn4b","8.904214559386974","true","Scn4b","0.0"
"0.0","0.0","-259.0","8.090614886731392E-4","2.0","0.09090909090909091","0.004523942307761459","Pde10a","10.264367816091953","false","Pde10a","0.0"
"0.0","0.0","-260.0","7.457121551081282E-4","1.0","0.09090909090909091","1.2491152120194241E-5","Emilin1","9.862068965517242","true","Emilin1","0.0"
"0.0","0.0","-260.0","6.285355122564425E-4","1.0","0.08333333333333333","2.3069428603046777E-7","Ppp2r2c","8.904214559386974","true","Ppp2r2c","0.0"
"0.0","0.0","-260.0","7.8125E-4","1.0","0.09090909090909091","7.183954862576233E-5","C77080","10.095785440613026","true","C77080","0.0"
"0.0","0.0","-260.0","6.506180871828237E-4","1.0","0.08333333333333333","6.29207455303938E-7","Iqsec2","9.11111111111111","true","Iqsec2","0.0"
"0.0","0.0","-260.0","6.406149903907751E-4","1.0","0.07692307692307693","7.401091561866035E-7","Cplx2","9.019157088122606","true","Cplx2","0.0"
"520.0","245.55555555555554","-258.0","8.250825082508251E-4","2.0","0.1","3.4589071264744335E-4","Emr1","10.35632183908046","false","Emr1","2308.0"
"520.0","29.47368421052632","-206.0","7.513148009015778E-4","10.0","0.09090909090909091","5.34432432147194E-6","Htr3a","9.900383141762452","false","Htr3a","3840.0"
"0.0","0.0","-260.0","6.578947368421052E-4","1.0","0.08333333333333333","3.975097599420395E-4","Ctgf","9.17624521072797","true","Ctgf","0.0"
"0.0","0.0","-260.0","9.765625E-4","1.0","0.1111111111111111","0.005692063881029554","Prex1","11.076628352490422","true","Prex1","0.0"
"0.0","0.0","-260.0","9.233610341643582E-4","1.0","0.1","2.888341095328041E-4","Arhgef2","10.850574712643677","true","Arhgef2","0.0"
"1562.974155084683","1320.8232296490278","-249.0","8.920606601248885E-4","3.0","0.09090909090909091","3.8854261411297116E-4","Cd38","10.704980842911878","false","Cd38","10578.0"
"152.87527113409493","74.08570831883063","-164.0","9.652509652509653E-4","4.0","0.1","0.0011590022513315239","Trpv4","11.030651340996169","false","Trpv4","1056.0"
"0.0","0.0","-260.0","9.233610341643582E-4","1.0","0.1","2.888341095328041E-4","Unc5a","10.850574712643677","true","Unc5a","0.0"
"0.0","0.0","-260.0","7.00770847932726E-4","1.0","0.08333333333333333","2.4187737828893584E-5","Ppp1r1a","9.53256704980843","true","Ppp1r1a","0.0"
"0.0","0.0","-260.0","7.00770847932726E-4","1.0","0.08333333333333333","2.4187737828893584E-5","Ppp1r1b","9.53256704980843","true","Ppp1r1b","0.0"
"0.0","0.0","-245.0","9.910802775024777E-4","2.0","0.1111111111111111","0.006037310087675629","Hcst","11.134099616858238","false","Hcst","0.0"
"0.6666666666666666","0.625","-258.0","6.527415143603133E-4","2.0","0.08333333333333333","1.891914078109775E-6","Ngef","9.130268199233717","false","Ngef","2.0"
"184.8952380952388","73.12241054613963","-257.0","7.82472613458529E-4","3.0","0.09090909090909091","1.4658867414994762E-5","Ephb6","10.10344827586207","false","Ephb6","1416.0"
"0.0","0.0","-259.0","8.841732979664014E-4","2.0","0.09090909090909091","3.878086837894583E-4","Ezr","10.666666666666666","false","Ezr","0.0"
"0.0","0.0","-259.0","5.515719801434088E-4","2.0","0.07142857142857142","7.568476388285449E-8","Slc17a6","8.053639846743295","false","Slc17a6","0.0"
"0.0","0.0","-260.0","7.82472613458529E-4","1.0","0.1","2.481622143888714E-4","Rin1","10.10344827586207","true","Rin1","0.0"
"0.0","0.0","-260.0","7.288629737609329E-4","1.0","0.09090909090909091","3.4553455342777164E-4","Epn3","9.743295019157088","true","Epn3","0.0"
"2056.0","1762.2857142857144","-252.0","4.803073967339097E-4","2.0","0.08333333333333333","1.8210026921916105E-9","Egr1","7.022988505747127","false","Egr1","11872.0"
"0.0","0.0","-260.0","7.645259938837921E-4","1.0","0.09090909090909091","1.3255075996947035E-5","Pak7","9.988505747126437","true","Pak7","0.0"
"0.0","0.0","-260.0","7.645259938837921E-4","1.0","0.09090909090909091","1.3255075996947035E-5","Pak6","9.988505747126437","true","Pak6","0.0"
"2.0","1.278538812785388","-254.0","8.8261253309797E-4","3.0","0.1","0.0010993323993430642","Irs4","10.659003831417625","false","Irs4","6.0"
"628.3406952696417","163.81321664385445","-254.0","9.823182711198428E-4","3.0","0.1111111111111111","0.005748990930085042","Mras","11.099616858237548","false","Mras","2768.0"
"520.0","245.55555555555554","-258.0","9.250693802035153E-4","2.0","0.1","2.893733053687557E-4","Itga5","10.85823754789272","false","Itga5","1420.0"
"0.0","0.0","-260.0","9.233610341643582E-4","1.0","0.1","2.888341095328041E-4","Itga8","10.850574712643677","true","Itga8","0.0"
"0.0","0.0","-259.0","8.244023083264633E-4","2.0","0.1","3.6275573960389053E-4","Aif1","10.352490421455938","false","Aif1","0.0"
"2.0","0.9500998003992016","-256.0","8.264462809917355E-4","3.0","0.1","4.0563043174163314E-4","C1qa","10.363984674329503","false","C1qa","6.0"
"0.0","0.0","-260.0","4.784688995215311E-4","1.0","0.08333333333333333","1.8175899258025146E-9","Egr3","6.992337164750958","true","Egr3","0.0"
"0.0","0.0","-260.0","7.993605115907274E-4","1.0","0.1","3.110833868221668E-4","Mrc2","10.206896551724139","true","Mrc2","0.0"
"0.0","0.0","-260.0","7.22543352601156E-4","1.0","0.08333333333333333","2.6563686039992375E-4","Sema3a","9.697318007662835","true","Sema3a","0.0"
"84.24007076514827","21.313752844194145","-253.0","8.833922261484099E-4","4.0","0.1","0.0010706247310875352","Prkce","10.662835249042146","false","Prkce","568.0"
"0.0","0.0","-260.0","8.880994671403197E-4","1.0","0.1","0.007298733629950344","Npas2","10.685823754789272","true","Npas2","0.0"
"520.0","83.35208098987627","-246.0","8.992805755395684E-4","4.0","0.1","0.00800474406862966","Epn1","10.739463601532567","false","Epn1","1216.0"
"0.0","0.0","-260.0","5.428881650380022E-4","1.0","0.09090909090909091","4.194970052432132E-8","Brms1","7.942528735632184","true","Brms1","0.0"
"0.0","0.0","-260.0","6.675567423230974E-4","1.0","0.08333333333333333","2.7137961483590358E-5","Ids","9.260536398467433","true","Ids","0.0"
"0.0","0.0","-257.0","8.19672131147541E-4","3.0","0.1","9.611802177630363E-4","Myh9","10.32567049808429","false","Myh9","0.0"
"0.0","0.0","-247.0","8.326394671107411E-4","5.0","0.1","0.0010893929957261753","Iqgap2","10.398467432950191","false","Iqgap2","0.0"
"307.10611376927164","383.88264221158954","-221.0","8.410428931875525E-4","2.0","0.09090909090909091","3.5939742074818745E-4","H2-DMa","10.444444444444445","false","H2-DMa","1018.0"
"0.0","0.0","-259.0","7.267441860465116E-4","2.0","0.09090909090909091","4.38309316215312E-5","Stra6","9.727969348659004","false","Stra6","0.0"
"0.0","0.0","-240.0","8.936550491510277E-4","5.0","0.1","9.679404752435107E-4","Prdx6b","10.71264367816092","false","Prdx6b","0.0"
"106.62403722950741","5.649245931701279","-126.0","0.0011235955056179776","21.0","0.1111111111111111","0.1481025675677024","F2r","11.590038314176246","false","F2r","2894.0"
"0.0","0.0","-247.0","8.984725965858042E-4","3.0","0.1","0.00799044584781376","Syt9","10.735632183908047","false","Syt9","0.0"
"262.0","30.264026402640262","-253.0","6.435006435006435E-4","6.0","0.07692307692307693","8.944032567110166E-7","Slc18a2","9.045977011494253","false","Slc18a2","2648.0"
"0.0","0.0","-252.0","7.930214115781126E-4","8.0","0.09090909090909091","0.009192366376343497","Tmem132a","10.168582375478927","false","Tmem132a","0.0"
"0.0","0.0","-260.0","9.319664492078285E-4","1.0","0.1","0.011853611213053967","Kcnj5","10.88888888888889","true","Kcnj5","0.0"
"543.0720133667461","127.78165020394027","-215.0","8.032128514056225E-4","5.0","0.09090909090909091","1.4991166747110246E-5","Folr1","10.229885057471265","false","Folr1","3304.0"
"0.0","0.0","-241.0","8.084074373484236E-4","4.0","0.09090909090909091","6.72239119010892E-4","Cda","10.260536398467433","false","Cda","0.0"
"0.0","0.0","-226.0","9.532888465204957E-4","2.0","0.1","3.0195909559044374E-4","Lamc2","10.980842911877394","false","Lamc2","0.0"
"0.0","0.0","-260.0","4.737091425864519E-4","1.0","0.09090909090909091","3.308176339274176E-10","Inhba","6.911877394636015","true","Inhba","0.0"
"3070.0","558.1818181818182","-248.0","5.46448087431694E-4","3.0","0.09090909090909091","4.210676481826808E-8","Egr2","7.988505747126437","false","Egr2","17794.0"
"4062.0","812.4000000000001","-244.0","6.321112515802782E-4","3.0","0.1","9.718177621358014E-7","Hist2h2bb","8.938697318007662","false","Hist2h2bb","23694.0"
"0.0","0.0","-260.0","7.8003120124805E-4","1.0","0.1","2.461635709537102E-4","Inpp5d","10.088122605363985","true","Inpp5d","0.0"
"0.0","0.0","-252.0","7.930214115781126E-4","8.0","0.09090909090909091","0.009192366376343497","Igfbp4","10.168582375478927","false","Igfbp4","0.0"
"6595.420685331655","1167.0707235010661","-171.0","0.001006036217303823","5.0","0.1111111111111111","3.0405686856340125E-4","Hgf","11.191570881226054","false","Hgf","41950.0"
"0.0","0.0","-252.0","7.930214115781126E-4","8.0","0.09090909090909091","0.009192366376343497","Chrdl1","10.168582375478927","false","Chrdl1","0.0"
"0.0","0.0","-233.0","6.257822277847309E-4","11.0","0.1111111111111111","1.7656302323328886E-7","Fbxo31","8.877394636015326","false","Fbxo31","0.0"
"0.0","0.0","-224.0","9.643201542912247E-4","15.0","0.1","0.045082957012229564","Rxfp1","11.026819923371647","false","Rxfp1","0.0"
"0.0","0.0","-258.0","6.798096532970768E-4","3.0","0.08333333333333333","6.517501931757642E-4","Rab15","9.363984674329503","false","Rab15","0.0"
"3073.1705040096663","181.8353669337462","-101.0","0.0010893246187363835","9.0","0.1","0.0013543645313451019","Prkcg","11.482758620689655","false","Prkcg","24282.0"
"0.0","0.0","-258.0","6.798096532970768E-4","3.0","0.08333333333333333","6.517501931757642E-4","Rab40b","9.363984674329503","false","Rab40b","0.0"
"0.0","0.0","-252.0","7.930214115781126E-4","8.0","0.09090909090909091","0.009192366376343497","Stc2","10.168582375478927","false","Stc2","0.0"
"0.0","0.0","-260.0","6.688963210702341E-4","1.0","0.08333333333333333","9.791063124558845E-5","Rap1gap2","9.272030651340996","true","Rap1gap2","0.0"
"0.0","0.0","-247.0","8.326394671107411E-4","5.0","0.1","0.0010893929957261636","H2-Q2","10.398467432950191","false","H2-Q2","0.0"
"0.0","0.0","-224.0","9.643201542912247E-4","15.0","0.1","0.045082957012229564","Ghrh","11.026819923371647","false","Ghrh","0.0"
"674.403682456393","73.49781300042427","-218.0","8.244023083264633E-4","7.0","0.09090909090909091","0.007707612053754639","Rab37","10.352490421455938","false","Rab37","8088.0"
"385.6128676601572","113.47912305021441","-255.0","8.0E-4","4.0","0.09090909090909091","0.006739253626062112","Rab3d","10.210727969348659","false","Rab3d","5248.0"
"1233.3458806219508","227.1871233890516","-139.0","0.0011074197120708748","8.0","0.1111111111111111","0.007430875191102338","Vav3","11.540229885057471","false","Vav3","13870.0"
"0.0","0.0","-252.0","7.930214115781126E-4","8.0","0.09090909090909091","0.009192366376343497","Pcsk9","10.168582375478927","false","Pcsk9","0.0"
"0.0","0.0","-252.0","7.930214115781126E-4","8.0","0.09090909090909091","0.009192366376343497","Notum","10.168582375478927","false","Notum","0.0"
"0.0","0.0","-230.0","9.587727708533077E-4","17.0","0.1","0.12516386884851702","Kalrn","11.003831417624522","false","Kalrn","0.0"
"66.78604399668612","3.906915647853613","-127.0","0.001122334455667789","20.0","0.1111111111111111","0.14106548539087574","Tacr3","11.586206896551724","false","Tacr3","2290.0"
"0.0","0.0","-258.0","7.390983000739098E-4","3.0","0.09090909090909091","3.6658145866456585E-4","Chrnb3","9.816091954022989","false","Chrnb3","0.0"
"0.0","0.0","-257.0","8.19672131147541E-4","4.0","0.1","3.833784185701304E-4","Ntng2","10.32567049808429","false","Ntng2","0.0"
"0.0","0.0","-205.0","9.823182711198428E-4","20.0","0.1","0.1455460344152997","Gal","11.099616858237548","false","Gal","0.0"
"520.0","95.1219512195122","-244.0","8.077544426494346E-4","4.0","0.09090909090909091","6.286851316760998E-4","Hpse","10.256704980842912","false","Hpse","3064.0"
"520.0","252.7777777777778","-258.0","9.784735812133072E-4","2.0","0.1111111111111111","0.005702689832194308","Il3ra","11.084291187739463","false","Il3ra","1706.0"
"244.54386724386694","25.360104751215832","-201.0","7.575757575757576E-4","10.0","0.09090909090909091","5.955112714418602E-6","Cnih2","9.942528735632184","false","Cnih2","1390.0"
"244.54386724386694","25.360104751215832","-201.0","7.575757575757576E-4","10.0","0.09090909090909091","5.955112714418602E-6","Cnih3","9.942528735632184","false","Cnih3","1390.0"
"0.0","0.0","-240.0","8.936550491510277E-4","5.0","0.1","9.679404752435107E-4","Pycard","10.71264367816092","false","Pycard","0.0"
"3773.001107574569","568.9983716988577","-110.0","0.0010964912280701754","6.0","0.1","0.012374258075414712","Itpr1","11.505747126436782","false","Itpr1","19008.0"
"1038.0","97.31249999999999","-255.0","8.56898029134533E-4","4.0","0.09090909090909091","5.603394769023509E-4","Ppp3ca","10.528735632183908","false","Ppp3ca","2238.0"
"0.0","0.0","-205.0","9.823182711198428E-4","20.0","0.1","0.1455460344152997","Grm2","11.099616858237548","false","Grm2","0.0"
"520.0","30.23883696780893","-251.0","7.936507936507937E-4","9.0","0.09090909090909091","0.009208815331354642","Cyr61","10.172413793103448","false","Cyr61","2996.0"
"0.0","0.0","-252.0","7.930214115781126E-4","8.0","0.09090909090909091","0.009192366376343497","Mfge8","10.168582375478927","false","Mfge8","0.0"
"0.0","0.0","-230.0","9.587727708533077E-4","17.0","0.1","0.12516386884851702","Arhgef25","11.003831417624522","false","Arhgef25","0.0"
"0.0","0.0","-233.0","6.257822277847309E-4","11.0","0.1111111111111111","1.7656302323328888E-7","Sh3rf1","8.877394636015326","false","Sh3rf1","0.0"
"2746.0478991596815","174.4490668946399","-206.0","6.920415224913495E-4","12.0","0.125","1.104688706795273E-6","Zbtb16","9.46360153256705","false","Zbtb16","21756.0"
"0.0","0.0","-260.0","9.765625E-4","1.0","0.1111111111111111","0.005692063881029554","Ret","11.076628352490422","true","Ret","0.0"
"26995.62137813603","126.72422963001358","49.0","0.0013089005235602095","35.0","0.125","0.13186384440552665","Pik3r2","12.0727969348659","false","Pik3r2","175844.0"
"0.0","0.0","-257.0","8.19672131147541E-4","4.0","0.1","3.8337841857010623E-4","Rtn4rl2","10.32567049808429","false","Rtn4rl2","0.0"
"520.0","247.6190476190476","-258.0","8.097165991902834E-4","2.0","0.09090909090909091","0.002268223356952173","Rapgef4","10.268199233716475","false","Rapgef4","1908.0"
"0.0","0.0","-205.0","9.823182711198428E-4","20.0","0.1","0.1455460344152997","Cx3cl1","11.099616858237548","false","Cx3cl1","0.0"
"0.0","0.0","-257.0","8.19672131147541E-4","4.0","0.1","3.8337841857009756E-4","Sprn","10.32567049808429","false","Sprn","0.0"
"0.0","0.0","-257.0","8.19672131147541E-4","4.0","0.1","3.8337841857009756E-4","Ntng1","10.32567049808429","false","Ntng1","0.0"
"66.78604399668612","3.906915647853613","-127.0","0.001122334455667789","20.0","0.1111111111111111","0.14106548539087574","Chrm5","11.586206896551724","false","Chrm5","2290.0"
"0.0","0.0","-205.0","9.823182711198428E-4","20.0","0.1","0.1455460344152997","Chrm4","11.099616858237548","false","Chrm4","0.0"
"66.78604399668612","3.9069156478536122","-127.0","0.001122334455667789","20.0","0.1111111111111111","0.14106548539087574","Chrm3","11.586206896551724","false","Chrm3","2290.0"
"616.485714285714","300.20173913043465","-246.0","9.442870632672333E-4","3.0","0.1","0.011930906368106462","Kcnj4","10.942528735632184","false","Kcnj4","1864.0"
"2739.246128140868","453.20860514252814","-221.0","9.578544061302681E-4","5.0","0.1","3.062523411386706E-4","Sptbn2","11.0","false","Sptbn2","10358.0"
"0.0","0.0","-260.0","8.46740050804403E-4","1.0","0.1","8.079076851033904E-4","Nr4a1","10.475095785440613","true","Nr4a1","0.0"
"554.1139497869448","74.05818899300456","-157.0","0.0010857763300760044","5.0","0.1111111111111111","0.01871620127763412","Akt2","11.471264367816092","false","Akt2","1218.0"
"6470.70990485255","145.28419064707109","-78.0","0.0011389521640091116","23.0","0.1","0.12725492173160433","Plcb1","11.636015325670497","false","Plcb1","60500.0"
"520.0","60.83565459610028","-254.0","6.430868167202572E-4","5.0","0.07692307692307693","8.572601559927122E-7","Lin7b","9.042145593869732","false","Lin7b","2652.0"
"5052.130543374236","957.1272574743167","-191.0","0.0010471204188481676","7.0","0.1111111111111111","0.008188713345037759","Fcer1g","11.340996168582375","false","Fcer1g","18862.0"
"49.29239766081879","31.65566822254418","-173.0","0.0010672358591248667","4.0","0.1111111111111111","0.01870705859110117","Pik3r6","11.409961685823754","false","Pik3r6","198.0"
"0.0","0.0","-205.0","9.823182711198428E-4","20.0","0.1","0.1455460344152997","Cort","11.099616858237548","false","Cort","0.0"
"0.0","0.0","-233.0","6.257822277847309E-4","11.0","0.1111111111111111","1.7656302323328722E-7","Ube3b","8.877394636015326","false","Ube3b","0.0"
"0.0","0.0","-224.0","9.643201542912247E-4","15.0","0.1","0.045082957012229564","Mc3r","11.026819923371647","false","Mc3r","0.0"
"0.0","0.0","-205.0","9.823182711198428E-4","20.0","0.1","0.1455460344152997","Oprd1","11.099616858237548","false","Oprd1","0.0"
"0.0","0.0","-224.0","9.643201542912247E-4","15.0","0.1","0.045082957012229564","Gpr150","11.026819923371647","false","Gpr150","0.0"
"984.1293809810956","25.755763112508383","-166.0","0.0010214504596527069","19.0","0.1","0.052354487326289584","Adcy1","11.24904214559387","false","Adcy1","7292.0"
"0.0","0.0","-259.0","6.273525721455458E-4","2.0","0.07692307692307693","7.670405662985145E-7","Jph3","8.89272030651341","false","Jph3","0.0"
"2020.1293809810898","40.18258590186789","-164.0","0.0010235414534288639","20.0","0.1","0.05244834641533225","Adcy5","11.256704980842912","false","Adcy5","11104.0"
"0.0","0.0","-224.0","9.643201542912247E-4","15.0","0.1","0.045082957012229564","Adrb1","11.026819923371647","false","Adrb1","0.0"
"4536.0","87.0284938075354","-196.0","9.910802775024777E-4","28.0","0.1","0.14858975625010679","Penk","11.134099616858238","false","Penk","26820.0"
"0.0","0.0","-233.0","6.257822277847309E-4","11.0","0.1111111111111111","1.7656302323328722E-7","Fbxl16","8.877394636015326","false","Fbxl16","0.0"
"0.0","0.0","-233.0","6.257822277847309E-4","11.0","0.1111111111111111","1.7656302323328872E-7","Fbxo41","8.877394636015326","false","Fbxo41","0.0"
"0.0","0.0","-256.0","7.183908045977011E-4","5.0","0.1","1.1071791236235502E-6","Tmod1","9.666666666666666","false","Tmod1","0.0"
"0.0","0.0","-224.0","9.643201542912247E-4","15.0","0.1","0.045082957012229564","Adora2a","11.026819923371647","false","Adora2a","0.0"
"0.0","0.0","-205.0","9.823182711198428E-4","20.0","0.1","0.1455460344152997","Npy","11.099616858237548","false","Npy","0.0"
"66.78604399668612","3.906915647853613","-127.0","0.001122334455667789","20.0","0.1111111111111111","0.14106548539087574","Adra1d","11.586206896551724","false","Adra1d","2290.0"
"257.0","42.496062992125985","-255.0","6.426735218508997E-4","5.0","0.07692307692307693","8.589298289873859E-7","Slc17a7","9.03831417624521","false","Slc17a7","2640.0"
"179.31666666666692","40.4624854006074","-247.0","8.888888888888889E-4","5.0","0.09090909090909091","0.006142821107622013","Pip4k2c","10.689655172413794","false","Pip4k2c","4146.0"
"815.2857142857054","81.57389025649081","-176.0","9.541984732824427E-4","7.0","0.09090909090909091","0.00195868690030079","Plcd3","10.984674329501916","false","Plcd3","5710.0"
"806.1283932517838","154.5776763299989","-223.0","9.42507068803016E-4","6.0","0.1","0.010848139862821722","Ctsd","10.934865900383143","false","Ctsd","2818.0"
"0.0","0.0","-260.0","7.429420505200594E-4","1.0","0.09090909090909091","3.4166019350697203E-4","Kcnh7","9.842911877394636","true","Kcnh7","0.0"
"0.0","0.0","-205.0","9.823182711198428E-4","20.0","0.1","0.1455460344152997","Htr1f","11.099616858237548","false","Htr1f","0.0"
"0.0","0.0","-258.0","7.23589001447178E-4","3.0","0.08333333333333333","7.959616103259334E-4","Plch1","9.704980842911878","false","Plch1","0.0"
"0.0","0.0","-260.0","7.429420505200594E-4","1.0","0.09090909090909091","3.4166019350697203E-4","Kcns1","9.842911877394636","true","Kcns1","0.0"
"16.16666666666667","7.390476190476193","-227.0","7.968127490039841E-4","3.0","0.09090909090909091","8.953199149002858E-4","Kcnq5","10.191570881226054","false","Kcnq5","40.0"
"0.0","0.0","-259.0","6.273525721455458E-4","2.0","0.07692307692307693","7.670405662985096E-7","Jph1","8.89272030651341","false","Jph1","0.0"
"1363.2154249259518","136.3215424925952","-250.0","7.49063670411985E-4","5.0","0.08333333333333333","1.700242232117957E-5","Ryr1","9.885057471264368","false","Ryr1","10284.0"
"0.0","0.0","-224.0","9.643201542912247E-4","15.0","0.1","0.045082957012229564","Vipr1","11.026819923371647","false","Vipr1","0.0"
"66.78604399668612","3.9069156478536122","-127.0","0.001122334455667789","20.0","0.1111111111111111","0.14106548539087574","Hcrtr2","11.586206896551724","false","Hcrtr2","2290.0"
"0.0","0.0","-224.0","9.643201542912247E-4","15.0","0.1","0.045082957012229564","Calcr","11.026819923371647","false","Calcr","0.0"
"0.0","0.0","-224.0","9.643201542912247E-4","15.0","0.1","0.045082957012229564","Vipr2","11.026819923371647","false","Vipr2","0.0"
"5371.866887807759","278.2913772333691","-206.0","7.326007326007326E-4","13.0","0.125","1.3962322491858802E-6","Lmo7","9.770114942528735","false","Lmo7","38828.0"
"19899.337613179447","190.8010455262621","-59.0","0.001215066828675577","17.0","0.1111111111111111","0.006691206717720834","Ptk2","11.846743295019158","false","Ptk2","121630.0"
"1065.9033275349962","4091.6934186020826","-211.0","9.671179883945841E-4","2.0","0.1","2.903165378462516E-4","Ptk2b","11.03831417624521","false","Ptk2b","11634.0"
"66.78604399668612","3.9069156478536122","-127.0","0.001122334455667789","20.0","0.1111111111111111","0.14106548539087574","Hcrt","11.586206896551724","false","Hcrt","2290.0"
"0.0","0.0","-224.0","9.643201542912247E-4","15.0","0.1","0.045082957012229564","Glp2r","11.026819923371647","false","Glp2r","0.0"
"4845.797186866502","119.79082217311206","-182.0","0.0010050251256281408","25.0","0.1","0.14711220418642687","C3ar1","11.187739463601533","false","C3ar1","29554.0"
"0.0","0.0","-259.0","6.510416666666666E-4","2.0","0.08333333333333333","1.2572910086997134E-6","Kifc2","9.114942528735632","false","Kifc2","0.0"
"0.0","0.0","-260.0","7.429420505200594E-4","1.0","0.09090909090909091","3.4166019350697203E-4","Kcng1","9.842911877394636","true","Kcng1","0.0"
"66.78604399668612","3.9069156478536122","-127.0","0.001122334455667789","20.0","0.1111111111111111","0.14106548539087574","Chrm1","11.586206896551724","false","Chrm1","2290.0"
"2567.7589072878","41.05169863004232","-81.0","0.001183431952662722","37.0","0.1111111111111111","0.24483590444590755","Mchr1","11.762452107279694","false","Mchr1","23542.0"
"0.0","0.0","-245.0","9.363295880149813E-4","3.0","0.1","4.3238488566361093E-4","Wipf3","10.908045977011493","false","Wipf3","0.0"
"640.8064056731729","70.57894484638832","-197.0","9.115770282588879E-4","6.0","0.1","0.007727454772944023","Plau","10.796934865900383","false","Plau","3200.0"
"0.0","0.0","-260.0","7.369196757553427E-4","1.0","0.09090909090909091","3.335650223430126E-4","Serpinb8","9.800766283524904","true","Serpinb8","0.0"
"0.0","0.0","-260.0","7.429420505200594E-4","1.0","0.09090909090909091","3.4166019350697203E-4","Kcnh4","9.842911877394636","true","Kcnh4","0.0"
"1.0","0.2198952879581152","-254.0","6.430868167202572E-4","5.0","0.07692307692307693","8.912714209635933E-7","Ppfia3","9.042145593869732","false","Ppfia3","4.0"
"0.0","0.0","-224.0","9.643201542912247E-4","15.0","0.1","0.045082957012229564","Drd1a","11.026819923371647","false","Drd1a","0.0"
"0.0","0.0","-254.0","7.84313725490196E-4","4.0","0.09090909090909091","2.9091422794442726E-5","Git1","10.114942528735632","false","Git1","0.0"
"797.9881408361889","222.69436488451782","-153.0","0.0010905125408942203","5.0","0.1111111111111111","0.007601750220025396","Prkcz","11.486590038314176","false","Prkcz","6584.0"
"0.0","0.0","-256.0","7.183908045977011E-4","5.0","0.1","1.1071791236235661E-6","Myl4","9.666666666666666","false","Myl4","0.0"
"0.0","0.0","-260.0","7.429420505200594E-4","1.0","0.09090909090909091","3.4166019350697203E-4","Kcnb1","9.842911877394636","true","Kcnb1","0.0"
"5285.238323846756","704.6984431795676","-181.0","9.49667616334283E-4","7.0","0.09090909090909091","3.9428013951052824E-4","Akap5","10.96551724137931","false","Akap5","46488.0"
"0.0","0.0","-260.0","7.429420505200594E-4","1.0","0.09090909090909091","3.4166019350697203E-4","Kcnf1","9.842911877394636","true","Kcnf1","0.0"
"0.0","0.0","-233.0","6.257822277847309E-4","11.0","0.1111111111111111","1.7656302323328695E-7","Fbxw7","8.877394636015326","false","Fbxw7","0.0"
"0.0","0.0","-233.0","6.257822277847309E-4","11.0","0.1111111111111111","1.7656302323328695E-7","Ccnf","8.877394636015326","false","Ccnf","0.0"
"0.0","0.0","-224.0","9.643201542912247E-4","15.0","0.1","0.045082957012229564","Htr6","11.026819923371647","false","Htr6","0.0"
"0.0","0.0","-260.0","7.429420505200594E-4","1.0","0.09090909090909091","3.4166019350697203E-4","Kcnv1","9.842911877394636","true","Kcnv1","0.0"
"520.0","227.5","-258.0","7.627765064836003E-4","2.0","0.08333333333333333","1.7051355910026165E-5","Robo3","9.977011494252874","false","Robo3","2766.0"
"0.0","0.0","-260.0","6.365372374283895E-4","1.0","0.07692307692307693","7.360426016366017E-7","Nell2","8.980842911877394","true","Nell2","0.0"
"0.0","0.0","-260.0","7.429420505200594E-4","1.0","0.09090909090909091","3.4166019350697203E-4","Kcnh3","9.842911877394636","true","Kcnh3","0.0"
"353.327243060537","16.58714495350888","-190.0","9.970089730807576E-4","22.0","0.1","0.14988277597733796","Adra2c","11.157088122605364","false","Adra2c","1932.0"
"10937.610332795182","42.90432743794795","-49.0","0.0012300123001230013","56.0","0.1111111111111111","0.2746038655418292","Gng7","11.885057471264368","false","Gng7","56742.0"
"16.16666666666667","7.390476190476193","-227.0","7.968127490039841E-4","3.0","0.09090909090909091","8.95319914900285E-4","Kcnq2","10.191570881226054","false","Kcnq2","40.0"
"0.0","0.0","-205.0","9.823182711198428E-4","20.0","0.1","0.1455460344152997","Sstr2","11.099616858237548","false","Sstr2","0.0"
"0.0","0.0","-205.0","9.823182711198428E-4","20.0","0.1","0.1455460344152997","Ccl21c","11.099616858237548","false","Ccl21c","0.0"
"1.0","0.2198952879581152","-254.0","6.430868167202572E-4","5.0","0.07692307692307693","8.912714209635897E-7","Rims1","9.042145593869732","false","Rims1","4.0"
"0.0","0.0","-247.0","8.326394671107411E-4","5.0","0.1","0.0010893929957261639","Lgals3","10.398467432950191","false","Lgals3","0.0"
"0.0","0.0","-258.0","7.390983000739098E-4","3.0","0.09090909090909091","3.665814586645618E-4","Chrna6","9.816091954022989","false","Chrna6","0.0"
"0.0","0.0","-206.0","7.507507507507507E-4","9.0","0.09090909090909091","5.334778191251854E-6","Olfm1","9.89655172413793","false","Olfm1","0.0"
"2567.7589072878","41.05169863004232","-81.0","0.001183431952662722","37.0","0.1111111111111111","0.24483590444590758","Ccl6","11.762452107279694","false","Ccl6","23542.0"
"0.0","0.0","-205.0","9.823182711198428E-4","20.0","0.1","0.1455460344152997","Ccl5","11.099616858237548","false","Ccl5","0.0"
"1762.4694417807439","67.96154659822919","-190.0","8.326394671107411E-4","14.0","0.09090909090909091","2.5178628252166756E-5","Cacng3","10.398467432950191","false","Cacng3","17680.0"
"0.0","0.0","-260.0","7.374631268436578E-4","1.0","0.09090909090909091","3.4617766443564266E-4","Il16","9.804597701149426","true","Il16","0.0"
"912.9351735983365","86.54853205007099","-230.0","9.124087591240876E-4","5.0","0.1","0.008019642546870561","Cd4","10.800766283524904","false","Cd4","2672.0"
"0.0","0.0","-205.0","9.823182711198428E-4","20.0","0.1","0.1455460344152997","Sst","11.099616858237548","false","Sst","0.0"
"0.0","0.0","-205.0","9.823182711198428E-4","20.0","0.1","0.1455460344152997","Sstr3","11.099616858237548","false","Sstr3","0.0"
"3372.066556096124","1836.9234157722074","-206.0","0.0010309278350515464","3.0","0.14285714285714285","0.0059722009209661935","Thra","11.28352490421456","false","Thra","25714.0"
"0.0","0.0","-233.0","6.257822277847309E-4","11.0","0.1111111111111111","1.765630232332856E-7","Asb11","8.877394636015326","false","Asb11","0.0"
"0.0","0.0","-233.0","6.257822277847309E-4","11.0","0.1111111111111111","1.765630232332856E-7","Asb4","8.877394636015326","false","Asb4","0.0"
"106.62403722950741","5.649245931701279","-126.0","0.0011235955056179776","21.0","0.1111111111111111","0.14810256756770238","Cckar","11.590038314176246","false","Cckar","2894.0"
"498.77922243558","78.588261910098","-198.0","9.794319294809011E-4","7.0","0.1","0.0016612811000546704","Wasf1","11.088122605363985","false","Wasf1","7122.0"
"1018.7792224355941","66.1705062451311","-197.0","9.80392156862745E-4","8.0","0.1","0.001664253820783673","Baiap2","11.091954022988507","false","Baiap2","10686.0"
"0.0","0.0","-260.0","6.968641114982578E-4","1.0","0.1111111111111111","2.2339693698662373E-5","Pparg","9.50191570881226","true","Pparg","0.0"
"699.3166666666692","60.715047095197235","-246.0","8.896797153024911E-4","6.0","0.09090909090909091","0.006153813161670342","Pip5k1c","10.693486590038313","false","Pip5k1c","8250.0"
"179.31666666666692","40.4624854006074","-247.0","8.888888888888889E-4","5.0","0.09090909090909091","0.0061428211076220126","Pip5k1a","10.689655172413794","false","Pip5k1a","4146.0"
"258.0","58.63636363636364","-239.0","7.82472613458529E-4","4.0","0.09090909090909091","1.4550348290127378E-5","Arf5","10.10344827586207","false","Arf5","1528.0"
"778.0","72.37209302325583","-239.0","7.830853563038371E-4","5.0","0.09090909090909091","1.4576384896440228E-5","Arf3","10.10727969348659","false","Arf3","3060.0"
"4063.0","267.89010989010984","-244.0","7.686395080707148E-4","7.0","0.08333333333333333","1.71455627790383E-5","Stx1a","10.015325670498084","false","Stx1a","23708.0"
"5078.656642409576","1729.4884782259642","-185.0","9.46073793755913E-4","5.0","0.09090909090909091","3.92065357902235E-4","Slc6a3","10.950191570881225","false","Slc6a3","34052.0"
"0.0","0.0","-260.0","7.429420505200594E-4","1.0","0.09090909090909091","3.4166019350697203E-4","Kcnh1","9.842911877394636","true","Kcnh1","0.0"
"5120.654024720719","31.12012783296342","-196.0","9.208103130755065E-4","16.0","0.1","0.007914989630793751","Kcnab2","10.839080459770114","false","Kcnab2","17994.0"
"3743.688514358325","53.02653963785674","-74.0","0.0011933174224343676","38.0","0.1111111111111111","0.24528480050467152","Agt","11.789272030651341","false","Agt","27098.0"
"67.73333333333358","2.6627953194727705","-201.0","9.861932938856016E-4","24.0","0.1","0.17005997310512183","Agtr2","11.114942528735632","false","Agtr2","376.0"
"0.0","0.0","-258.0","7.390983000739098E-4","3.0","0.09090909090909091","3.665814586645618E-4","Chrna3","9.816091954022989","false","Chrna3","0.0"
"1668.8064056731387","134.15869580865137","-197.0","9.132420091324201E-4","8.0","0.1","0.007759159276804536","Chrnb4","10.804597701149426","false","Chrnb4","6632.0"
"0.0","0.0","-259.0","3.853564547206166E-4","2.0","0.07142857142857142","3.5667285849116586E-12","Fosb","5.057471264367816","false","Fosb","0.0"
"749.950763968895","42.9545681544801","-225.0","0.0010111223458038423","11.0","0.1111111111111111","0.007329003933933637","Fcgr2b","11.210727969348659","false","Fcgr2b","12736.0"
"520.0","29.47368421052632","-206.0","7.513148009015778E-4","10.0","0.09090909090909091","5.34432432147527E-6","Grik5","9.900383141762452","false","Grik5","3840.0"
"106.62403722950741","5.649245931701279","-126.0","0.0011235955056179776","21.0","0.1111111111111111","0.14810256756770238","Cckbr","11.590038314176246","false","Cckbr","2894.0"
"106.62403722950741","5.649245931701279","-126.0","0.0011235955056179776","21.0","0.1111111111111111","0.14810256756770238","Cck","11.590038314176246","false","Cck","2894.0"
"0.0","0.0","-257.0","8.257638315441783E-4","2.0","0.1","3.8997163723022917E-4","Mpeg1","10.360153256704981","false","Mpeg1","0.0"
"0.0","0.0","-256.0","7.183908045977011E-4","5.0","0.1","1.1071791236235667E-6","Tnnt1","9.666666666666666","false","Tnnt1","0.0"
"0.0","0.0","-256.0","7.183908045977011E-4","5.0","0.1","1.1071791236235667E-6","Tnnc1","9.666666666666666","false","Tnnc1","0.0"
"0.0","0.0","-256.0","7.183908045977011E-4","5.0","0.1","1.107179123623565E-6","Tcap","9.666666666666666","false","Tcap","0.0"
"0.0","0.0","-259.0","3.853564547206166E-4","2.0","0.07142857142857142","3.5667285849116142E-12","Fosl2","5.057471264367816","false","Fosl2","0.0"
"1552.0","155.20000000000002","-254.0","4.280821917808219E-4","4.0","0.07692307692307693","7.906104105867658E-11","Junb","6.049808429118774","false","Junb","8914.0"
"1816.2095238095123","90.9844169876579","-225.0","9.541984732824427E-4","7.0","0.1","3.0707056620884034E-4","Nck2","10.984674329501916","false","Nck2","7366.0"
"4237.19689866892","64.95643242963425","-190.0","0.0010482180293501049","17.0","0.1111111111111111","0.007998064151473807","Tyrobp","11.344827586206897","false","Tyrobp","25232.0"
"6582.847397906498","3291.423698953249","-206.0","7.473841554559044E-4","3.0","0.1111111111111111","2.2429328636304268E-5","Rara","9.873563218390805","false","Rara","46538.0"
"11248.371170034998","422.1304781771742","-81.0","0.0011467889908256881","12.0","0.1","0.007629713126102952","Prkcb","11.659003831417625","false","Prkcb","80788.0"
"6212.213475499176","218.13411970225414","-115.0","0.0011376564277588168","14.0","0.1111111111111111","0.016795047672173664","Prkcd","11.632183908045977","false","Prkcd","39168.0"
"0.0","0.0","-260.0","4.737091425864519E-4","1.0","0.09090909090909091","3.308176339274176E-10","Ski","6.911877394636015","true","Ski","0.0"
"346.6112554112522","26.20171477190891","-172.0","7.78816199376947E-4","12.0","0.1","9.583931426815778E-6","Grin2a","10.080459770114942","false","Grin2a","2642.0"
"6458.299778858901","807.2874723573628","-206.0","8.51063829787234E-4","4.0","0.125","5.175272019987332E-4","Rxrg","10.49808429118774","false","Rxrg","48566.0"
"3372.066556096124","1836.9234157722078","-206.0","0.0010309278350515464","3.0","0.14285714285714285","0.005972200920966195","Thrb","11.28352490421456","false","Thrb","25714.0"
"2909.8936341040335","118.28835910992005","-165.0","8.756567425569177E-4","14.0","0.1","3.434232302241508E-5","Grin2b","10.624521072796934","false","Grin2b","25796.0"
"2969.3604703920987","337.61539179577983","-198.0","9.794319294809011E-4","7.0","0.1","3.0800124544440614E-4","Efnb2","11.088122605363985","false","Efnb2","20314.0"
"0.0","0.0","-258.0","7.027406886858749E-4","3.0","0.09090909090909091","1.4472331379543706E-6","Dlgap4","9.547892720306514","false","Dlgap4","0.0"
"333.10476190476277","53.91290944123328","-253.0","7.849293563579278E-4","5.0","0.09090909090909091","2.916971020444313E-5","Ephb3","10.118773946360154","false","Ephb3","2620.0"
"4.666666666666666","0.8730512249443206","-253.0","7.849293563579278E-4","5.0","0.09090909090909091","2.969800677028773E-5","Efnb1","10.118773946360154","false","Efnb1","10.0"
"149.66066150388426","14.170043138769326","-232.0","8.920606601248885E-4","7.0","0.1","0.0010361210525368877","Ctss","10.704980842911878","false","Ctss","1292.0"
"820.7406031621105","46.36179673530544","-227.0","0.0010090817356205853","9.0","0.1111111111111111","0.007206639309475347","Fcgr1","11.203065134099617","false","Fcgr1","7640.0"
"3137.3891796027597","71.08554272123679","-199.0","0.0010384215991692627","16.0","0.1111111111111111","0.007731309715990997","Fcgr4","11.310344827586206","false","Fcgr4","25052.0"
"148.12063492063487","81.64129483814519","-251.0","6.887052341597796E-4","3.0","0.08333333333333333","1.902939258163265E-6","Cacnb3","9.436781609195402","false","Cacnb3","1474.0"
"148.12063492063487","81.64129483814519","-251.0","6.887052341597796E-4","3.0","0.08333333333333333","1.902939258163265E-6","Cacnb1","9.436781609195402","false","Cacnb1","1474.0"
"0.0","0.0","-256.0","7.037297677691766E-4","5.0","0.09090909090909091","1.5839821891885547E-6","Dlgap3","9.555555555555555","false","Dlgap3","0.0"
"0.0","0.0","-256.0","7.037297677691766E-4","5.0","0.09090909090909091","1.5839821891885547E-6","Dlgap2","9.555555555555555","false","Dlgap2","0.0"
"296.2148962148962","11.177920611882875","-206.0","7.535795026375283E-4","14.0","0.09090909090909091","5.65932355688359E-6","Shank2","9.915708812260537","false","Shank2","3076.0"
"1.9999999999999998","0.3143712574850299","-255.0","7.042253521126761E-4","6.0","0.09090909090909091","1.6438687006048089E-6","Shank1","9.559386973180077","false","Shank1","6.0"
"5194.860480898956","117.41271805145803","-148.0","8.802816901408451E-4","14.0","0.1111111111111111","2.1220485400991093E-5","Actn2","10.647509578544062","false","Actn2","27360.0"
"66.78604399668612","3.906915647853613","-127.0","0.001122334455667789","20.0","0.1111111111111111","0.14106548539087574","Oxt","11.586206896551724","false","Oxt","2290.0"
"5248.402158583895","38.74907664587645","-102.0","0.0011547344110854503","38.0","0.1111111111111111","0.16908437709997515","Avp","11.68199233716475","false","Avp","20482.0"
"0.0","0.0","-259.0","7.267441860465116E-4","2.0","0.09090909090909091","4.38309316215268E-5","Rbp4","9.727969348659004","false","Rbp4","0.0"
"1036.0","88.54700854700853","-238.0","8.952551477170994E-4","7.0","0.1","9.715679233969595E-4","Ttr","10.720306513409962","false","Ttr","4684.0"
"884.5016143641137","55.88797811114842","-181.0","9.615384615384616E-4","10.0","0.1","0.0018445033930059706","Lyz1","11.015325670498084","false","Lyz1","6486.0"
"884.5016143641137","55.887978111148435","-181.0","9.615384615384616E-4","10.0","0.1","0.0018445033930059706","Lyz2","11.015325670498084","false","Lyz2","6486.0"
"1038.0","166.08","-256.0","5.402485143165856E-4","3.0","0.1","7.663808052505652E-9","Smad3","7.908045977011494","false","Smad3","8082.0"
"1548.0","98.34029320302088","-230.0","6.269592476489029E-4","12.0","0.1111111111111111","1.7688015163257627E-7","Nedd4l","8.88888888888889","false","Nedd4l","12114.0"
"3450.0841498797017","80.77120083330406","-169.0","8.583690987124463E-4","18.0","0.1","2.6223790100836264E-5","Dlg4","10.53639846743295","false","Dlg4","26508.0"
"0.0","0.0","-256.0","7.037297677691766E-4","5.0","0.09090909090909091","1.583982189188555E-6","Dlgap1","9.555555555555555","false","Dlgap1","0.0"
"2864.933443903876","1197.0107593905084","-169.0","8.620689655172414E-4","4.0","0.125","1.4737423164222048E-5","Actn1","10.555555555555555","false","Actn1","20676.0"
"2864.933443903876","1197.0107593905082","-169.0","8.620689655172414E-4","4.0","0.125","1.4737423164222048E-5","Actn4","10.555555555555555","false","Actn4","20676.0"
"886.4911268813757","134.96602463394552","-160.0","8.51063829787234E-4","8.0","0.1","4.0732832938095974E-5","Camk2a","10.49808429118774","false","Camk2a","7966.0"
"886.4911268813757","134.96602463394558","-160.0","8.51063829787234E-4","8.0","0.1","4.0732832938095974E-5","Camk2b","10.49808429118774","false","Camk2b","7966.0"
